User ID,Username,Email
1,User 1,user1@example.com
2,User 2,user2@example.com
3,User 3,user3@example.com
4,User 4,user4@example.com
5,User 5,user5@example.com
6,User 6,user6@example.com
7,User 7,user7@example.com
8,User 8,user8@example.com
9,User 9,user9@example.com
10,User 10,user10@example.com
11,User 11,user11@example.com
12,User 12,user12@example.com
13,User 13,user13@example.com
14,User 14,user14@example.com
15,User 15,user15@example.com
16,User 16,user16@example.com
17,User 17,user17@example.com
18,User 18,user18@example.com
19,User 19,user19@example.com
20,User 20,user20@example.com
21,User 21,user21@example.com
22,User 22,user22@example.com
23,User 23,user23@example.com
24,User 24,user24@example.com
25,User 25,user25@example.com
26,User 26,user26@example.com
27,User 27,user27@example.com
28,User 28,user28@example.com
29,User 29,user29@example.com
30,User 30,user30@example.com
31,User 31,user31@example.com
32,User 32,user32@example.com
33,User 33,user33@example.com
34,User 34,user34@example.com
35,User 35,user35@example.com
36,User 36,user36@example.com
37,User 37,user37@example.com
38,User 38,user38@example.com
39,User 39,user39@example.com
40,User 40,user40@example.com
41,User 41,user41@example.com
42,User 42,user42@example.com
43,User 43,user43@example.com
44,User 44,user44@example.com
45,User 45,user45@example.com
46,User 46,user46@example.com
47,User 47,user47@example.com
48,User 48,user48@example.com
49,User 49,user49@example.com
50,User 50,user50@example.com
51,User 51,user51@example.com
52,User 52,user52@example.com
53,User 53,user53@example.com
54,User 54,user54@example.com
55,User 55,user55@example.com
56,User 56,user56@example.com
57,User 57,user57@example.com
58,User 58,user58@example.com
59,User 59,user59@example.com
60,User 60,user60@example.com
61,User 61,user61@example.com
62,User 62,user62@example.com
63,User 63,user63@example.com
64,User 64,user64@example.com
65,User 65,user65@example.com
66,User 66,user66@example.com
67,User 67,user67@example.com
68,User 68,user68@example.com
69,User 69,user69@example.com
70,User 70,user70@example.com
71,User 71,user71@example.com
72,User 72,user72@example.com
73,User 73,user73@example.com
74,User 74,user74@example.com
75,User 75,user75@example.com
76,User 76,user76@example.com
77,User 77,user77@example.com
78,User 78,user78@example.com
79,User 79,user79@example.com
80,User 80,user80@example.com
81,User 81,user81@example.com
82,User 82,user82@example.com
83,User 83,user83@example.com
84,User 84,user84@example.com
85,User 85,user85@example.com
86,User 86,user86@example.com
87,User 87,user87@example.com
88,User 88,user88@example.com
89,User 89,user89@example.com
90,User 90,user90@example.com
91,User 91,user91@example.com
92,User 92,user92@example.com
93,User 93,user93@example.com
94,User 94,user94@example.com
95,User 95,user95@example.com
96,User 96,user96@example.com
97,User 97,user97@example.com
98,User 98,user98@example.com
99,User 99,user99@example.com
100,User 100,user100@example.com
